<Model>
    <Nodes>
        <Node>
            <Name>webmachine</Name>
            <Type>machine</Type>
            <Properties>
                <Property key="ip">129.69.214.229</Property>
                <Property key="username">toscana-mainmachine</Property>
                <Property key="password">5pO6*6h4</Property>
            </Properties>
        </Node>
        <Node>
            <Name>dbmachine</Name>
            <Type>machine</Type>
            <Properties>
                <Property key="ip">129.69.214.204</Property>
                <Property key="username">toscana-database</Property>
                <Property key="password">f9#a*tr</Property>
            </Properties>
        </Node>
        <Node>
            <Name>php</Name>
            <Type>service</Type>
            <ImplementationArtifacts>
                <Create>create</Create>
            </ImplementationArtifacts>
        </Node>
        <Node>
            <Name>phpapp</Name>
            <Type>service</Type>
            <ImplementationArtifacts>
                <Create>create</Create>
            </ImplementationArtifacts>
            <DeploymentArtifacts>
                <DeploymentArtifact key="app">phpapp.zip</DeploymentArtifact>
            </DeploymentArtifacts>
        </Node>
        <Node>
            <Name>apache</Name>
            <Type>service</Type>
            <ImplementationArtifacts>
                <Create>create</Create>
                <Start>start</Start>
                <Stop>stop</Stop>
            </ImplementationArtifacts>
        </Node>
        <Node>
            <Name>mysql</Name>
            <Type>service</Type>
            <ImplementationArtifacts>
                <Create>create</Create>
                <Start>start</Start>
                <Stop>stop</Stop>
            </ImplementationArtifacts>
            <Properties>
                <Property key="port">3306</Property>
                <Property key="rootpassword">godpass</Property>
            </Properties>
        </Node>
        <Node>
            <Name>database</Name>
            <Type>service</Type>
            <ImplementationArtifacts>
                <Create>create</Create>
            </ImplementationArtifacts>
            <DeploymentArtifacts>
                <DeploymentArtifact key="databaseschema">createdb.sql</DeploymentArtifact>
            </DeploymentArtifacts>
            <Properties>
                <Property key="user">simpleuser</Property>
                <Property key="password">pass</Property>
                <Property key="databasename">awesomedatabase</Property>
            </Properties>
        </Node>
        <Node>
            <Name>environmentsetupweb</Name>
            <Type>service</Type>
            <ImplementationArtifacts>
                <Create>create</Create>
            </ImplementationArtifacts>
            <DeploymentArtifacts>
                <DeploymentArtifact key="checkenv">checkenv</DeploymentArtifact>
                <DeploymentArtifact key="setvalue">setvalue</DeploymentArtifact>
                <DeploymentArtifact key="setstub">setstub</DeploymentArtifact>
            </DeploymentArtifacts>
        </Node>
        <Node>
            <Name>environmentsetupdb</Name>
            <Type>service</Type>
            <ImplementationArtifacts>
                <Create>create</Create>
            </ImplementationArtifacts>
            <DeploymentArtifacts>
                <DeploymentArtifact key="checkenv">checkenv</DeploymentArtifact>
                <DeploymentArtifact key="setvalue">setvalue</DeploymentArtifact>
                <DeploymentArtifact key="setstub">setstub</DeploymentArtifact>
            </DeploymentArtifacts>
        </Node>
    </Nodes>
    <Relationships>
        <Relationship>
            <Type>hostedOn</Type>
            <Source>phpapp</Source>
            <Target>php</Target>
        </Relationship>
        <Relationship>
            <Type>hostedOn</Type>
            <Source>php</Source>
            <Target>apache</Target>
        </Relationship>
        <Relationship>
            <Type>hostedOn</Type>
            <Source>apache</Source>
            <Target>environmentsetupweb</Target>
        </Relationship>
        <Relationship>
            <Type>hostedOn</Type>
            <Source>environmentsetupweb</Source>
            <Target>webmachine</Target>
        </Relationship>
        <Relationship>
            <Type>hostedOn</Type>
            <Source>database</Source>
            <Target>mysql</Target>
        </Relationship>
        <Relationship>
            <Type>hostedOn</Type>
            <Source>mysql</Source>
            <Target>environmentsetupdb</Target>
        </Relationship>
        <Relationship>
            <Type>hostedOn</Type>
            <Source>environmentsetupdb</Source>
            <Target>dbmachine</Target>
        </Relationship>
        <Relationship>
            <Type>connectsTo</Type>
            <Source>phpapp</Source>
            <Target>database</Target>
            <ImplementationArtifact>dbconnect</ImplementationArtifact>
        </Relationship>
    </Relationships>
</Model>
